File,Text,Author,Encoding,Language,Words
die_ISO-8859-1.txt,Die Fürstin,Kasimir Edschmid,ISO-8859-1,German,13314
harpers_ASCII.txt,"Harper's Round Table, October 8, 1895",Various,ASCII,English,29094
olaf_Windows-1251.txt,Olaf van Geldern,Pencho Slaveykov,Windows 1251,Bulgarian,2790
portugal_ISO-8859-1.txt,"Portugal enfermo por vicios, e abusos de ambos os sexos",José Daniel Rodrigues da Costa,ISO-8859-1,Portuguese,14215
shisei_UTF-8.txt,Shisei,Junichiro Tanizaki,UTF-8,Japanese,4809
yan_BIG-5.txt,Yan shi jia xun,Yan Zhitui,BIG-5,Chinese,2538
